Lacerte Account Name,eWay Address,Lacerte Address
"SCOTT, ZOEY","{'Street': '11 HOLY CROSS POINT', 'City': 'LOS ANGELES', 'State': 'CA', 'Zip': '02127'}","{'Street': '11 HOLY CROSS POINT', 'City': 'BAKERSFIELD', 'State': 'CA', 'Zip': '02127'}"
"WILSON, BARBARA AND CHLOE","{'Street': '9716 HUXLEY PARKWAY', 'City': 'PENSACOLA', 'State': 'FL', 'Zip': '93537'}","{'Street': '3 NELSON ALLEY', 'City': 'LAS CRUCES', 'State': 'NM', 'Zip': '15345'}"
"JOHNSON, MICHAEL B","{'Street': '4 PORTER PLACE', 'City': 'WICHITA FALLS', 'State': 'TX', 'Zip': '65592'}","{'Street': '17387 ONSGARD PARKWAY', 'City': 'SALT LAKE CITY', 'State': 'UT', 'Zip': '62545'}"
"CARLTON, BEN","{'Street': '876 MCBRIDE JUNCTION', 'City': 'LOS ANGELES', 'State': 'CA', 'Zip': '92767'}","{'Street': '87436 MCBRIDE JUNCTION', 'City': 'LOS ANGELES', 'State': 'CA', 'Zip': '92767'}"
"MORRIS, ISAAC","{'Street': '6 WOOD DRIVE', 'City': 'FREDERICK', 'State': 'MD', 'Zip': '89829'}","{'Street': '6 MAYWOOD DRIVE', 'City': 'FREDERICK', 'State': 'MD', 'Zip': '89829'}"
"JOHNSON, JANICE B","{'Street': '17387 ONSGARD PARKWAY', 'City': 'SALT LAKE CITY', 'State': 'UT', 'Zip': '62545'}","{'Street': '4 PORTER PLACE', 'City': 'WICHITA FALLS', 'State': 'TX', 'Zip': '65592'}"
"BROWN, SARAH & EMILY WHITE","{'Street': '9382 MERRY STREET', 'City': 'CINCINNATI', 'State': 'OH', 'Zip': '10293'}","{'Street': '85448 BLAINE CIRCLE', 'City': 'CLEVELAND', 'State': 'OH', 'Zip': '25122'}"
"WANG, CALEB J","{'Street': '10260 KATIE CROSSING', 'City': 'CHARLOTTE', 'State': 'NC', 'Zip': '66409'}","{'Street': '10260 KATIE CROSSING', 'City': 'CHARLOTTE', 'State': 'NC', 'Zip': '66406'}"
"SMITH, EMILY AND SARAH","{'Street': '', 'City': 'KANSAS CITY', 'State': 'MO', 'Zip': '02248'}","{'Street': '64726 ABERG CENTER', 'City': 'SACRAMENTO', 'State': 'CA', 'Zip': '04011'}"
"SMITH, ANGELICA AND SARAH","{'Street': '64726 ABERG CENTER', 'City': 'SACRAMENTO', 'State': 'CA', 'Zip': '04011'}","{'Street': '', 'City': 'KANSAS CITY', 'State': 'MO', 'Zip': '02248'}"
"WILSON, SOPHIA","{'Street': '3335 CAMBRIDGE CIR', 'City': 'PETERSBURG', 'State': 'FL', 'Zip': '62334'}","{'Street': '3335 CAMBRIDGE CIRCLE', 'City': 'SAINT PETERSBURG', 'State': 'FL', 'Zip': '62334'}"
"BROWN, JACOB & ROBERT WHITE","{'Street': '85448 BLAINE CIRCLE', 'City': 'CLEVELAND', 'State': 'OH', 'Zip': '25122'}","{'Street': '9382 MERRY STREET', 'City': 'CINCINNATI', 'State': 'OH', 'Zip': '10293'}"
"WANG, ALEXA","{'Street': '51 ANNIVERSARY CIRCLE', 'City': 'ROUND ROCK', 'State': 'CA', 'Zip': '80222'}","{'Street': '51 ANNIVERSARY CIRCLE', 'City': 'ROUND ROCK', 'State': 'TX', 'Zip': '80222'}"
"WILSON, ALEXANDRA AND CHLOE","{'Street': '3 NELSON ALLEY', 'City': 'LAS CRUCES', 'State': 'NM', 'Zip': '15345'}","{'Street': '9716 HUXLEY PARKWAY', 'City': 'PENSACOLA', 'State': 'FL', 'Zip': '93537'}"
